{
  "Vitality": {
    "Mirage": {
      "pref": -0.14446089935679626,
      "ban_rate": 0.15942581065270167,
      "pick_rate": 0.01496491129590541
    },
    "Inferno": {
      "pref": 0.0562004122800574,
      "ban_rate": 0.11778576654075676,
      "pick_rate": 0.17398617882081416
    },
    "Nuke": {
      "pref": -0.005306814105660362,
      "ban_rate": 0.1535036853291824,
      "pick_rate": 0.14819687122352204
    },
    "Ancient": {
      "pref": -0.9517781748224908,
      "ban_rate": 0.9517781748224908,
      "pick_rate": 0.0
    },
    "Anubis": {
      "pref": -0.37052251460201624,
      "ban_rate": 0.37052251460201624,
      "pick_rate": 0.0
    },
    "Dust2": {
      "pref": 0.4290517233175721,
      "ban_rate": 0.02793649774239727,
      "pick_rate": 0.45698822105996934
    },
    "Overpass": {
      "pref": 0.2617451905321707,
      "ban_rate": 0.05415115353543278,
      "pick_rate": 0.3158963440676035
    }
  },
  "Natus Vincere": {
    "Mirage": {
      "pref": 0.245121913405221,
      "ban_rate": 0.09933952661483116,
      "pick_rate": 0.34446144002005213
    },
    "Inferno": {
      "pref": -0.05133771500204941,
      "ban_rate": 0.16691526566391954,
      "pick_rate": 0.11557755066187013
    },
    "Nuke": {
      "pref": -0.2795192069245089,
      "ban_rate": 0.35955164093672226,
      "pick_rate": 0.0800324340122134
    },
    "Ancient": {
      "pref": 0.3469237056147292,
      "ban_rate": 0.029526919042609224,
      "pick_rate": 0.3764506246573384
    },
    "Anubis": {
      "pref": 0.008183206054838965,
      "ban_rate": 0.13637412461516582,
      "pick_rate": 0.14455733067000479
    },
    "Dust2": {
      "pref": -0.14307490058516134,
      "ban_rate": 0.14307490058516134,
      "pick_rate": 0.0
    },
    "Overpass": {
      "pref": -0.9729939149415409,
      "ban_rate": 0.9729939149415409,
      "pick_rate": 0.0
    }
  },
  "Falcons": {
    "Mirage": {
      "pref": 0.31994844943164624,
      "ban_rate": 0.035791278231813856,
      "pick_rate": 0.35573972766346007
    },
    "Inferno": {
      "pref": -0.41399230987524627,
      "ban_rate": 0.4382175435600199,
      "pick_rate": 0.02422523368477365
    },
    "Nuke": {
      "pref": 0.013564345079110071,
      "ban_rate": 0.05831695360371794,
      "pick_rate": 0.07188129868282801
    },
    "Ancient": {
      "pref": 0.20589062279762638,
      "ban_rate": 0.11862670221083749,
      "pick_rate": 0.32451732500846386
    },
    "Anubis": {
      "pref": -0.19711600125348464,
      "ban_rate": 0.2016802945001782,
      "pick_rate": 0.0045642932466935515
    },
    "Dust2": {
      "pref": 0.19276916760036483,
      "ban_rate": 0.06761682964282532,
      "pick_rate": 0.26038599724319017
    },
    "Overpass": {
      "pref": -0.9943219164917253,
      "ban_rate": 0.9943219164917253,
      "pick_rate": 0.0
    }
  },
  "The MongolZ": {
    "Mirage": {
      "pref": 0.41326273350048937,
      "ban_rate": 0.004124557721306418,
      "pick_rate": 0.4173872912217958
    },
    "Inferno": {
      "pref": 0.14555866608520845,
      "ban_rate": 0.08014240270449287,
      "pick_rate": 0.2257010687897013
    },
    "Nuke": {
      "pref": 0.0775417230706251,
      "ban_rate": 0.061959473832586535,
      "pick_rate": 0.13950119690321164
    },
    "Ancient": {
      "pref": 0.15063959237024738,
      "ban_rate": 0.014596979155338426,
      "pick_rate": 0.1652365715255858
    },
    "Anubis": {
      "pref": -0.8491531996553918,
      "ban_rate": 0.8491531996553918,
      "pick_rate": 0.0
    },
    "Dust2": {
      "pref": -0.27788879820916706,
      "ban_rate": 0.278961253887757,
      "pick_rate": 0.0010724556785899233
    },
    "Overpass": {
      "pref": -0.6339316999972869,
      "ban_rate": 0.6339316999972869,
      "pick_rate": 0.0
    }
  },
  "PARIVISION": {
    "Mirage": {
      "pref": 0.05868783356568369,
      "ban_rate": 0.0924258301867168,
      "pick_rate": 0.15111366375240048
    },
    "Inferno": {
      "pref": -0.2228545676617608,
      "ban_rate": 0.22914191478561147,
      "pick_rate": 0.006287347123850677
    },
    "Nuke": {
      "pref": -1.0,
      "ban_rate": 1.0,
      "pick_rate": 0.0
    },
    "Ancient": {
      "pref": 0.1646014799408314,
      "ban_rate": 0.07743755456382793,
      "pick_rate": 0.24203903450465933
    },
    "Anubis": {
      "pref": -0.25456588973213046,
      "ban_rate": 0.25456588973213046,
      "pick_rate": 0.0
    },
    "Dust2": {
      "pref": 0.5141258603318593,
      "ban_rate": 0.016302587855305972,
      "pick_rate": 0.5304284481871652
    },
    "Overpass": {
      "pref": -0.3014401025295328,
      "ban_rate": 0.32805984740549027,
      "pick_rate": 0.02661974487595745
    }
  },
  "Aurora": {
    "Mirage": {
      "pref": -0.33108229592221344,
      "ban_rate": 0.3358831835101228,
      "pick_rate": 0.004800887587909365
    },
    "Inferno": {
      "pref": 0.07459190472270023,
      "ban_rate": 0.06504347713406343,
      "pick_rate": 0.13963538185676366
    },
    "Nuke": {
      "pref": -0.4032501917006079,
      "ban_rate": 0.41522410011177635,
      "pick_rate": 0.011973908411168448
    },
    "Ancient": {
      "pref": -0.8901032192341036,
      "ban_rate": 0.9039238202303448,
      "pick_rate": 0.013820600996241173
    },
    "Anubis": {
      "pref": 0.2097333104764625,
      "ban_rate": 0.0,
      "pick_rate": 0.2097333104764625
    },
    "Dust2": {
      "pref": 0.37407858801911353,
      "ban_rate": 0.06350649685714808,
      "pick_rate": 0.43758508487626163
    },
    "Overpass": {
      "pref": -0.011540462812467622,
      "ban_rate": 0.1827451771077811,
      "pick_rate": 0.17120471429531348
    }
  },
  "FURIA": {
    "Mirage": {
      "pref": 0.07228668062039315,
      "ban_rate": 0.05876928621104088,
      "pick_rate": 0.13105596683143403
    },
    "Inferno": {
      "pref": 0.04569195804068346,
      "ban_rate": 0.15280736331143177,
      "pick_rate": 0.19849932135211523
    },
    "Nuke": {
      "pref": -0.04329205221302257,
      "ban_rate": 0.16065415116262147,
      "pick_rate": 0.1173620989495989
    },
    "Ancient": {
      "pref": -0.8671855649442659,
      "ban_rate": 0.9032650619951195,
      "pick_rate": 0.03607949705085361
    },
    "Anubis": {
      "pref": -0.46466880161996726,
      "ban_rate": 0.46562063047491564,
      "pick_rate": 0.000951828854948386
    },
    "Dust2": {
      "pref": 0.09789151437240481,
      "ban_rate": 0.1264618946269744,
      "pick_rate": 0.22435340899937922
    },
    "Overpass": {
      "pref": 0.19258083679353646,
      "ban_rate": 0.09620914479739681,
      "pick_rate": 0.2887899815909333
    }
  },
  "MOUZ": {
    "Mirage": {
      "pref": 0.1420706095258876,
      "ban_rate": 0.08549698589253141,
      "pick_rate": 0.227567595418419
    },
    "Inferno": {
      "pref": 0.0984990943372698,
      "ban_rate": 0.1764027357334327,
      "pick_rate": 0.2749018300707025
    },
    "Nuke": {
      "pref": 0.11159995907874351,
      "ban_rate": 0.10486776470691322,
      "pick_rate": 0.21646772378565673
    },
    "Ancient": {
      "pref": -0.28963145149623737,
      "ban_rate": 0.2963555043263397,
      "pick_rate": 0.006724052830102348
    },
    "Anubis": {
      "pref": -0.9367644090958125,
      "ban_rate": 0.9367644090958125,
      "pick_rate": 0.0
    },
    "Dust2": {
      "pref": -0.3002822495061722,
      "ban_rate": 0.3002822495061722,
      "pick_rate": 0.0
    },
    "Overpass": {
      "pref": 0.05202803124266986,
      "ban_rate": 0.1510530444512341,
      "pick_rate": 0.20308107569390396
    }
  },
  "Spirit": {
    "Mirage": {
      "pref": 0.09798184170674484,
      "ban_rate": 0.03307949534102725,
      "pick_rate": 0.1310613370477721
    },
    "Inferno": {
      "pref": -1.0,
      "ban_rate": 1.0,
      "pick_rate": 0.0
    },
    "Nuke": {
      "pref": -0.2400440608905293,
      "ban_rate": 0.26596616655870087,
      "pick_rate": 0.025922105668171568
    },
    "Ancient": {
      "pref": -0.10042566030873468,