{
  "Vitality|Vitality": 0.5,
  "Vitality|Natus Vincere": 0.5963123525699754,
  "Vitality|Falcons": 0.5331079974960329,
  "Vitality|The MongolZ": 0.6663356596135817,
  "Vitality|PARIVISION": 0.7558420309953207,
  "Vitality|Aurora": 0.6387934156975199,
  "Vitality|FURIA": 0.7478708204075697,
  "Vitality|MOUZ": 0.6427179838672904,
  "Vitality|Spirit": 0.5355045858153917,
  "Vitality|FUT": 0.6991506193768113,
  "Vitality|G2": 0.6470364134270987,
  "Vitality|BetBoom": 0.7753375377451884,
  "Vitality|9z": 0.6569216589947071,
  "Vitality|Monte": 0.7625462281341522,
  "Vitality|B8": 0.7226078504054982,
  "Vitality|Legacy": 0.5925492198215329,
  "Natus Vincere|Vitality": 0.40368764743002467,
  "Natus Vincere|Natus Vincere": 0.5,
  "Natus Vincere|Falcons": 0.458899827922033,
  "Natus Vincere|The MongolZ": 0.6015447810871389,
  "Natus Vincere|PARIVISION": 0.6271151087624383,
  "Natus Vincere|Aurora": 0.5528201185236427,
  "Natus Vincere|FURIA": 0.6181478428217863,
  "Natus Vincere|MOUZ": 0.543308701750122,
  "Natus Vincere|Spirit": 0.4167846711255794,
  "Natus Vincere|FUT": 0.6164707057340073,
  "Natus Vincere|G2": 0.6000958236178615,
  "Natus Vincere|BetBoom": 0.7033779923770227,
  "Natus Vincere|9z": 0.6079806687135496,
  "Natus Vincere|Monte": 0.6718796782978087,
  "Natus Vincere|B8": 0.5911237234475973,
  "Natus Vincere|Legacy": 0.45847685556216367,
  "Falcons|Vitality": 0.4668920025039671,
  "Falcons|Natus Vincere": 0.541100172077967,
  "Falcons|Falcons": 0.5,
  "Falcons|The MongolZ": 0.6773013609863341,
  "Falcons|PARIVISION": 0.7168379906500169,
  "Falcons|Aurora": 0.6713126293065846,
  "Falcons|FURIA": 0.670465090124361,
  "Falcons|MOUZ": 0.5586035686679427,
  "Falcons|Spirit": 0.48454074362639943,
  "Falcons|FUT": 0.6954735133987271,
  "Falcons|G2": 0.6856914886063494,
  "Falcons|BetBoom": 0.7453283244320436,
  "Falcons|9z": 0.6286386713152313,
  "Falcons|Monte": 0.6812906026716412,
  "Falcons|B8": 0.6811885237323001,
  "Falcons|Legacy": 0.49470745426291374,
  "The MongolZ|Vitality": 0.33366434038641835,
  "The MongolZ|Natus Vincere": 0.39845521891286106,
  "The MongolZ|Falcons": 0.32269863901366597,
  "The MongolZ|The MongolZ": 0.5,
  "The MongolZ|PARIVISION": 0.492571166502545,
  "The MongolZ|Aurora": 0.4758410083043311,
  "The MongolZ|FURIA": 0.548353837079182,
  "The MongolZ|MOUZ": 0.46244675122774115,
  "The MongolZ|Spirit": 0.28288148107174044,
  "The MongolZ|FUT": 0.5730842209802924,
  "The MongolZ|G2": 0.48513933540540133,
  "The MongolZ|BetBoom": 0.6108226004895347,
  "The MongolZ|9z": 0.5374355272783042,
  "The MongolZ|Monte": 0.6269173651300464,
  "The MongolZ|B8": 0.5082854465922885,
  "The MongolZ|Legacy": 0.4471446605727383,
  "PARIVISION|Vitality": 0.2441579690046794,
  "PARIVISION|Natus Vincere": 0.3728848912375618,
  "PARIVISION|Falcons": 0.28316200934998315,
  "PARIVISION|The MongolZ": 0.507428833497455,
  "PARIVISION|PARIVISION": 0.5,
  "PARIVISION|Aurora": 0.41407088795534763,
  "PARIVISION|FURIA": 0.4712406960883595,
  "PARIVISION|MOUZ": 0.3730457275716561,
  "PARIVISION|Spirit": 0.2552551842242765,
  "PARIVISION|FUT": 0.45925678497257594,
  "PARIVISION|G2": 0.44765984676540016,
  "PARIVISION|BetBoom": 0.5394627376918203,
  "PARIVISION|9z": 0.4386653162665741,
  "PARIVISION|Monte": 0.5489750098914268,
  "PARIVISION|B8": 0.48762630854064803,
  "PARIVISION|Legacy": 0.33836407863739715,
  "Aurora|Vitality": 0.3612065843024801,
  "Aurora|Natus Vincere": 0.44717988147635734,
  "Aurora|Falcons": 0.32868737069341536,
  "Aurora|The MongolZ": 0.5241589916956688,
  "Aurora|PARIVISION": 0.5859291120446524,
  "Aurora|Aurora": 0.5,
  "Aurora|FURIA": 0.5138612233702464,
  "Aurora|MOUZ": 0.5333304859147341,
  "Aurora|Spirit": 0.30609608670420685,
  "Aurora|FUT": 0.5213594094895726,
  "Aurora|G2": 0.5313883402212582,
  "Aurora|BetBoom": 0.5951705703806234,
  "Aurora|9z": 0.5217094634313679,
  "Aurora|Monte": 0.6132348749484435,
  "Aurora|B8": 0.5697430526048143,
  "Aurora|Legacy": 0.4033676253721564,
  "FURIA|Vitality": 0.2521291795924303,
  "FURIA|Natus Vincere": 0.38185215717821375,
  "FURIA|Falcons": 0.32953490987563905,
  "FURIA|The MongolZ": 0.45164616292081805,
  "FURIA|PARIVISION": 0.5287593039116405,
  "FURIA|Aurora": 0.48613877662975363,
  "FURIA|FURIA": 0.5,
  "FURIA|MOUZ": 0.3906768786657161,
  "FURIA|Spirit": 0.28397752622693206,
  "FURIA|FUT": 0.49082034533766317,
  "FURIA|G2": 0.4869744408022678,
  "FURIA|BetBoom": 0.5698745831135325,
  "FURIA|9z": 0.5002669547576268,
  "FURIA|Monte": 0.539563275813556,
  "FURIA|B8": 0.4880148029071637,
  "FURIA|Legacy": 0.37905725595404316,
  "MOUZ|Vitality": 0.3572820161327096,
  "MOUZ|Natus Vincere": 0.456691298249878,
  "MOUZ|Falcons": 0.44139643133205736,
  "MOUZ|The MongolZ": 0.5375532487722589,
  "MOUZ|PARIVISION": 0.6269542724283439,
  "MOUZ|Aurora": 0.4666695140852659,
  "MOUZ|FURIA": 0.6093231213342839,
  "MOUZ|MOUZ": 0.5,
  "MOUZ|Spirit": 0.3641503054105178,
  "MOUZ|FUT": 0.5935448133918898,
  "MOUZ|G2": 0.5641266057232052,
  "MOUZ|BetBoom": 0.6626998686828018,
  "MOUZ|9z": 0.5490051921043886,
  "MOUZ|Monte": 0.6692524190615914,
  "MOUZ|B8": 0.6286806847395516,
  "MOUZ|Legacy": 0.47107047267524704,
  "Spirit|Vitality": 0.46449541418460827,
  "Spirit|Natus Vincere": 0.5832153288744206,
  "Spirit|Falcons": 0.5154592563736006,
  "Spirit|The MongolZ": 0.7171185189282596,
  "Spirit|PARIVISION": 0.7447448157757235,
  "Spirit|Aurora": 0.6939039132957932,
  "Spirit|FURIA": 0.7160224737730679,
  "Spirit|MOUZ": 0.6358496945894823,
  "Spirit|Spirit": 0.5,
  "Spirit|FUT": 0.7077863872645902,
  "Spirit|G2": 0.6227705629449103,
  "Spirit|BetBoom": 0.7550299364051829,
  "Spirit|9z": 0.7281493120107533,
  "Spirit|Monte": 0.7536513112065396,
  "Spirit|B8": 0.6749774165675875,
  "Spirit|Legacy": 0.5702004600288586,
  "FUT|Vitality": 0.30084938062318867,
  "FUT|Natus Vincere": 0.38352929426599275,
  "FUT|Falcons": 0.3045264866012729,
  "FUT|The MongolZ": 0.42691577901970756,
  "FUT|PARIVISION": 0.5407432150274241,
  "FUT|Aurora": 0.4786405905104274,
  "FUT|FURIA": 0.5091796546623368,
  "FUT|MOUZ": 0.4064551866081102,
  "FUT|Spirit": 0.29221361273540974,
  "FUT|FUT": 0.5,
  "FUT|G2": 0.5473178878482309,
  "FUT|BetBoom": 0.5608708715524122,
  "FUT|9z": 0.4946583851261377,
  "FUT|Monte": 0.5789567464872792,
  "FUT|B8": 0.5014657271852236,
  "FUT|Legacy": 0.38811435792967586,
  "G2|Vitality": 0.3529635865729012,
  "G2|Natus Vincere": 0.39990417638213854,
  "G2|Falcons": 0.31430851139365057,
  "G2|The MongolZ": 0.5148606645945987,
  "G2|PARIVISION": 0.5523401532345998,
  "G2|Aurora": 0.4686116597787417,
  "G2|FURIA": 0.5130255591977322,
  "G2|MOUZ": 0.43587339427679483,
  "G2|Spirit": 0.37722943705508977,
  "G2|FUT": 0.4526821121517691,
  "G2|G2": 0.5,
  "G2|BetBoom": 0.5513354595510453,
  "G2|9z": 0.5057875310115194,
  "G2|Monte": 0.625991513122369,
  "G2|B8": 0.5168820328872201,
  "G2|Legacy": 0.38361216880631765,
  "BetBoom|Vitality": 0.22466246225481154,
  "BetBoom|Natus Vincere": 0.29662200762297736,
  "BetBoom|Falcons": 0.25467167556795645,
  "BetBoom|The MongolZ": 0.3891773995104652,
  "BetBoom|PARIVISION": 0.4605372623081797,
  "BetBoom|Aurora": 0.4048294296193767,
  "BetBoom|FURIA": 0.43012541688646755,
  "BetBoom|MOUZ": 0.3373001313171982,
  "BetBoom|Spirit": 0.24497006359481716,
  "BetBoom|FUT": 0.4391291284475878,
  "BetBoom|G2": 0.44866454044895465,
  "BetBoom|BetBoom": 0.5,
  "BetBoom|9z": 0.44360332984403894,
  "BetBoom|Monte": 0.5584199818569767,
  "BetBoom|B8": 0.46554567026054583,
  "BetBoom|Legacy": 0.36580345017649685,
  "9z|Vitality": 0.34307834100529283,
  "9z|Natus Vincere": 0.39201933128645033,
  "9z|Falcons": 0.3713613286847687,
  "9z|The MongolZ": 0.4625644727216958,
  "9z|PARIVISION": 0.5613346837334259,
  "9z|Aurora": 0.4782905365686321,
  "9z|FURIA": 0.4997330452423732,
  "9z|MOUZ": 0.45099480789561147,
  "9z|Spirit": 0.2718506879892467,
  "9z|FUT": 0.5053416148738623,
  "9z|G2": 0.4942124689884806,
  "9z|BetBoom": 0.5563966701559611,
  "9z|9z": 0.5,