{
  "Vitality": 76.34578967978544,
  "Natus Vincere": 74.58275008504971,
  "Falcons": 73.65483992707495,
  "The MongolZ": 71.16174738734234,
  "PARIVISION": 71.17957664571422,
  "Aurora": 71.83257696112207,
  "FURIA": 74.20873933877868,
  "MOUZ": 73.71044419990362,
  "Spirit": 78.53104950331439,
  "FUT": 73.34889113917288,
  "G2": 75.49093137230436,
  "BetBoom": 73.25072895790275,
  "9z": 74.36654788830218,
  "Monte": 70.93919953082836,
  "B8": 71.16710400667444,
  "Legacy": 74.77341826232654
}