{
  "Vitality": 1.803825933427774,
  "Natus Vincere": 1.8730488898231632,
  "Falcons": 1.8698846158951206,
  "The MongolZ": 0.9294768996088189,
  "PARIVISION": 0.9417805869668826,
  "Aurora": 2.4750189572179524,
  "FURIA": 0.6953946551881686,
  "MOUZ": 0.8248546918530524,
  "Spirit": 0.8715117742952124,
  "FUT": 0.6377363904543233,
  "G2": 1.157052822750878,
  "BetBoom": 0.8752738056009213,
  "9z": 1.9083270350198938,
  "Monte": 1.0796562159930196,
  "B8": 0.5790710112983832,
  "Legacy": 2.272068838165714
}