{
  "Vitality|Vitality": 0.5,
  "Vitality|Natus Vincere": 0.6969193715845023,
  "Vitality|Falcons": 0.7268047007050392,
  "Vitality|The MongolZ": 0.8435404993930712,
  "Vitality|PARIVISION": 0.8708146822258188,
  "Vitality|Aurora": 0.799689440322752,
  "Vitality|FURIA": 0.7563510350786325,
  "Vitality|MOUZ": 0.8406744779597127,
  "Vitality|Spirit": 0.5808474282845628,
  "Vitality|FUT": 0.83,
  "Vitality|G2": 0.8348431126068261,
  "Vitality|BetBoom": 0.8601601718922457,
  "Vitality|9z": 0.8967595019459047,
  "Vitality|Monte": 0.9152143572704255,
  "Vitality|B8": 0.912516911105281,
  "Vitality|Legacy": 0.8601601718922457,
  "Natus Vincere|Vitality": 0.30308062841549777,
  "Natus Vincere|Natus Vincere": 0.5,
  "Natus Vincere|Falcons": 0.5363855739376416,
  "Natus Vincere|The MongolZ": 0.701015835364754,
  "Natus Vincere|PARIVISION": 0.7456434264957326,
  "Natus Vincere|Aurora": 0.6345261195507592,
  "Natus Vincere|FURIA": 0.574468484216337,
  "Natus Vincere|MOUZ": 0.696478451705077,
  "Natus Vincere|Spirit": 0.35,
  "Natus Vincere|FUT": 0.7055327703039126,
  "Natus Vincere|G2": 0.6873323433333356,
  "Natus Vincere|BetBoom": 0.7278912952839935,
  "Natus Vincere|9z": 0.7906843867948534,
  "Natus Vincere|Monte": 0.8243875592859655,
  "Natus Vincere|B8": 0.8193707765090269,
  "Natus Vincere|Legacy": 0.7278912952839935,
  "Falcons|Vitality": 0.2731952992949608,
  "Falcons|Natus Vincere": 0.46361442606235836,
  "Falcons|Falcons": 0.5,
  "Falcons|The MongolZ": 0.6695918937944203,
  "Falcons|PARIVISION": 0.7170165204755325,
  "Falcons|Aurora": 0.6001004361035039,
  "Falcons|FURIA": 0.5385001874047727,
  "Falcons|MOUZ": 0.664805647696455,
  "Falcons|Spirit": 0.34248994684993467,
  "Falcons|FUT": 0.6743630420576615,
  "Falcons|G2": 0.63,
  "Falcons|BetBoom": 0.6980754527651029,
  "Falcons|9z": 0.7655326697936559,
  "Falcons|Monte": 0.8022729281077999,
  "Falcons|B8": 0.7967801232023528,
  "Falcons|Legacy": 0.6980754527651029,
  "The MongolZ|Vitality": 0.1564595006069288,
  "The MongolZ|Natus Vincere": 0.298984164635246,
  "The MongolZ|Falcons": 0.3304081062055797,
  "The MongolZ|The MongolZ": 0.5,
  "The MongolZ|PARIVISION": 0.5556115976227257,
  "The MongolZ|Aurora": 0.42544595829990167,
  "The MongolZ|FURIA": 0.36539271769338555,
  "The MongolZ|MOUZ": 0.4946113041291344,
  "The MongolZ|Spirit": 0.20447483235040442,
  "The MongolZ|FUT": 0.5054111966974525,
  "The MongolZ|G2": 0.48388988917916725,
  "The MongolZ|BetBoom": 0.52,
  "The MongolZ|9z": 0.6170193202772878,
  "The MongolZ|Monte": 0.666905332043128,
  "The MongolZ|B8": 0.6592492448790794,
  "The MongolZ|Legacy": 0.5329049270425152,
  "PARIVISION|Vitality": 0.1291853177741811,
  "PARIVISION|Natus Vincere": 0.2543565735042675,
  "PARIVISION|Falcons": 0.2829834795244675,
  "PARIVISION|The MongolZ": 0.4443884023772742,
  "PARIVISION|PARIVISION": 0.5,
  "PARIVISION|Aurora": 0.37195784726631254,
  "PARIVISION|FURIA": 0.3153112379576818,
  "PARIVISION|MOUZ": 0.4390727397662473,
  "PARIVISION|Spirit": 0.170522587841436,
  "PARIVISION|FUT": 0.4497390999703757,
  "PARIVISION|G2": 0.4285343982597783,
  "PARIVISION|BetBoom": 0.47712590056760007,
  "PARIVISION|9z": 0.56,
  "PARIVISION|Monte": 0.6155851196398682,
  "PARIVISION|B8": 0.6074437808444035,
  "PARIVISION|Legacy": 0.47712590056760007,
  "Aurora|Vitality": 0.20031055967724798,
  "Aurora|Natus Vincere": 0.36547388044924073,
  "Aurora|Falcons": 0.399899563896496,
  "Aurora|The MongolZ": 0.5745540417000985,
  "Aurora|PARIVISION": 0.6280421527336875,
  "Aurora|Aurora": 0.5,
  "Aurora|FURIA": 0.4374352822548159,
  "Aurora|MOUZ": 0.5692766731816313,
  "Aurora|Spirit": 0.25767245475154815,
  "Aurora|FUT": 0.57983640588346,
  "Aurora|G2": 0.5587260682645101,
  "Aurora|BetBoom": 0.6064147441406871,
  "Aurora|9z": 0.6851134481416434,
  "Aurora|Monte": 0.65,
  "Aurora|B8": 0.7232032100322904,
  "Aurora|Legacy": 0.6064147441406871,
  "FURIA|Vitality": 0.24364896492136742,
  "FURIA|Natus Vincere": 0.425531515783663,
  "FURIA|Falcons": 0.46149981259522727,
  "FURIA|The MongolZ": 0.6346072823066145,
  "FURIA|PARIVISION": 0.6846887620423181,
  "FURIA|Aurora": 0.5625647177451841,
  "FURIA|FURIA": 0.5,
  "FURIA|MOUZ": 0.6295945961919476,
  "FURIA|Spirit": 0.30863171604144435,
  "FURIA|FUT": 0.6396117138639332,
  "FURIA|G2": 0.619534027925663,
  "FURIA|BetBoom": 0.6645960655929564,
  "FURIA|9z": 0.7367121709747136,
  "FURIA|Monte": 0.7766509118943423,
  "FURIA|B8": 0.74,
  "FURIA|Legacy": 0.6645960655929564,
  "MOUZ|Vitality": 0.1593255220402873,
  "MOUZ|Natus Vincere": 0.303521548294923,
  "MOUZ|Falcons": 0.335194352303545,
  "MOUZ|The MongolZ": 0.5053886958708657,
  "MOUZ|PARIVISION": 0.5609272602337527,
  "MOUZ|Aurora": 0.43072332681836856,
  "MOUZ|FURIA": 0.3704054038080525,
  "MOUZ|MOUZ": 0.5,
  "MOUZ|Spirit": 0.20800351616642387,
  "MOUZ|FUT": 0.5107986330462853,
  "MOUZ|G2": 0.48927486074595633,
  "MOUZ|BetBoom": 0.5382664820827161,
  "MOUZ|9z": 0.6221000400289173,
  "MOUZ|Monte": 0.6716764034609455,
  "MOUZ|B8": 0.6640747405857845,
  "MOUZ|Legacy": 0.56,
  "Spirit|Vitality": 0.41915257171543713,
  "Spirit|Natus Vincere": 0.65,
  "Spirit|Falcons": 0.6575100531500654,
  "Spirit|The MongolZ": 0.7955251676495956,
  "Spirit|PARIVISION": 0.829477412158564,
  "Spirit|Aurora": 0.7423275452484519,
  "Spirit|FURIA": 0.6913682839585557,
  "Spirit|MOUZ": 0.7919964838335761,
  "Spirit|Spirit": 0.5,
  "Spirit|FUT": 0.7990236359635395,
  "Spirit|G2": 0.7848394750779635,
  "Spirit|BetBoom": 0.8161334711935431,
  "Spirit|9z": 0.8624124719134242,
  "Spirit|Monte": 0.8862281154579126,
  "Spirit|B8": 0.8827266428419338,
  "Spirit|Legacy": 0.8161334711935431,
  "FUT|Vitality": 0.17000000000000004,
  "FUT|Natus Vincere": 0.2944672296960874,
  "FUT|Falcons": 0.32563695794233855,
  "FUT|The MongolZ": 0.49458880330254745,
  "FUT|PARIVISION": 0.5502609000296244,
  "FUT|Aurora": 0.42016359411653986,
  "FUT|FURIA": 0.36038828613606677,
  "FUT|MOUZ": 0.48920136695371486,
  "FUT|Spirit": 0.20097636403646038,
  "FUT|FUT": 0.5,
  "FUT|G2": 0.47848619434389417,
  "FUT|BetBoom": 0.5275133258896092,
  "FUT|9z": 0.6118915289606911,
  "FUT|Monte": 0.6620796692741485,
  "FUT|B8": 0.6543701491110868,
  "FUT|Legacy": 0.5275133258896092,
  "G2|Vitality": 0.16515688739317386,
  "G2|Natus Vincere": 0.3126676566666644,
  "G2|Falcons": 0.37,
  "G2|The MongolZ": 0.5161101108208327,
  "G2|PARIVISION": 0.5714656017402218,
  "G2|Aurora": 0.44127393173548995,
  "G2|FURIA": 0.38046597207433697,
  "G2|MOUZ": 0.5107251392540437,
  "G2|Spirit": 0.21516052492203652,
  "G2|FUT": 0.5215138056561058,
  "G2|G2": 0.5,
  "G2|BetBoom": 0.5489113258924861,
  "G2|9z": 0.6321330452862804,
  "G2|Monte": 0.6810679746670235,
  "G2|B8": 0.6735780814703884,
  "G2|Legacy": 0.5489113258924861,
  "BetBoom|Vitality": 0.1398398281077543,
  "BetBoom|Natus Vincere": 0.2721087047160064,
  "BetBoom|Falcons": 0.30192454723489714,
  "BetBoom|The MongolZ": 0.48,
  "BetBoom|PARIVISION": 0.5228740994324,
  "BetBoom|Aurora": 0.393585255859313,
  "BetBoom|FURIA": 0.33540393440704364,
  "BetBoom|MOUZ": 0.46173351791728384,
  "BetBoom|Spirit": 0.18386652880645693,
  "BetBoom|FUT": 0.4724866741103907,
  "BetBoom|G2": 0.4510886741075139,
  "BetBoom|BetBoom": 0.5,
  "BetBoom|9z": 0.5854301932387612,
  "BetBoom|Monte": 0.6370102504427471,
  "BetBoom|B8": 0.6290492335369046,
  "BetBoom|Legacy": 0.5,
  "9z|Vitality": 0.10324049805409533,
  "9z|Natus Vincere": 0.20931561320514655,
  "9z|Falcons": 0.2344673302063441,
  "9z|The MongolZ": 0.38298067972271216,
  "9z|PARIVISION": 0.43999999999999995,
  "9z|Aurora": 0.3148865518583566,
  "9z|FURIA": 0.26328782902528625,
  "9z|MOUZ": 0.3778999599710827,
  "9z|Spirit": 0.13758752808657573,
  "9z|FUT": 0.3881084710393088,
  "9z|G2": 0.36786695471371955,
  "9z|BetBoom": 0.41456980676123883,
  "9z|9z": 0.5,
  "9z|Monte": 0.5541136160510749,
  "9z|B8": 0.5456313272470737,
  "9z|Legacy": 0.41456980676123883,
  "Monte|Vitality": 0.08478564272957442,
  "Monte|Natus Vincere": 0.17561244071403442,