{
  "Vitality|Vitality": 0.5,
  "Vitality|Natus Vincere": 0.653947550144189,
  "Vitality|Falcons": 0.6408470568606026,
  "Vitality|The MongolZ": 0.783464974865631,
  "Vitality|PARIVISION": 0.8417438886743771,
  "Vitality|Aurora": 0.7188541752182849,
  "Vitality|FURIA": 0.7821843122753245,
  "Vitality|MOUZ": 0.7755575894451232,
  "Vitality|Spirit": 0.57152701852235,
  "Vitality|FUT": 0.8038647405408815,
  "Vitality|G2": 0.7509566496834751,
  "Vitality|BetBoom": 0.8309019530376353,
  "Vitality|9z": 0.7645122330677809,
  "Vitality|Monte": 0.8431569703020018,
  "Vitality|B8": 0.8699491516961607,
  "Vitality|Legacy": 0.7159028606718163,
  "Natus Vincere|Vitality": 0.3460524498558111,
  "Natus Vincere|Natus Vincere": 0.5,
  "Natus Vincere|Falcons": 0.5003584636091449,
  "Natus Vincere|The MongolZ": 0.6360389717769606,
  "Natus Vincere|PARIVISION": 0.6885254164539658,
  "Natus Vincere|Aurora": 0.5818146478262276,
  "Natus Vincere|FURIA": 0.5965637161794429,
  "Natus Vincere|MOUZ": 0.6181401418937547,
  "Natus Vincere|Spirit": 0.3595516681106885,
  "Natus Vincere|FUT": 0.6585175948976427,
  "Natus Vincere|G2": 0.6428510575145389,
  "Natus Vincere|BetBoom": 0.6833443716057155,
  "Natus Vincere|9z": 0.6755653499667291,
  "Natus Vincere|Monte": 0.7348618923276624,
  "Natus Vincere|B8": 0.7243204789180887,
  "Natus Vincere|Legacy": 0.6053903391202201,
  "Falcons|Vitality": 0.35915294313939733,
  "Falcons|Natus Vincere": 0.4996415363908552,
  "Falcons|Falcons": 0.5,
  "Falcons|The MongolZ": 0.644680563703098,
  "Falcons|PARIVISION": 0.7111124738536674,
  "Falcons|Aurora": 0.5953112811825774,
  "Falcons|FURIA": 0.608275034122379,
  "Falcons|MOUZ": 0.5998195777852957,
  "Falcons|Spirit": 0.3827696632413292,
  "Falcons|FUT": 0.6910907716407858,
  "Falcons|G2": 0.6429989988831802,
  "Falcons|BetBoom": 0.7087418265577905,
  "Falcons|9z": 0.6736723663713093,
  "Falcons|Monte": 0.6961732803075628,
  "Falcons|B8": 0.7569864052241653,
  "Falcons|Legacy": 0.5900313310588942,
  "The MongolZ|Vitality": 0.2165350251343689,
  "The MongolZ|Natus Vincere": 0.36396102822303944,
  "The MongolZ|Falcons": 0.355319436296902,
  "The MongolZ|The MongolZ": 0.5,
  "The MongolZ|PARIVISION": 0.5219993472842136,
  "The MongolZ|Aurora": 0.45051021759137244,
  "The MongolZ|FURIA": 0.4527483248769806,
  "The MongolZ|MOUZ": 0.4568706947486836,
  "The MongolZ|Spirit": 0.18536759056806842,
  "The MongolZ|FUT": 0.535221265701378,
  "The MongolZ|G2": 0.45711655614586516,
  "The MongolZ|BetBoom": 0.5524772875938038,
  "The MongolZ|9z": 0.5645056560721413,
  "The MongolZ|Monte": 0.6495872774583243,
  "The MongolZ|B8": 0.6055966907903407,
  "The MongolZ|Legacy": 0.4845878969820525,
  "PARIVISION|Vitality": 0.15825611132562292,
  "PARIVISION|Natus Vincere": 0.3114745835460342,
  "PARIVISION|Falcons": 0.2888875261463326,
  "PARIVISION|The MongolZ": 0.4780006527157864,
  "PARIVISION|PARIVISION": 0.5,
  "PARIVISION|Aurora": 0.3894623324594705,
  "PARIVISION|FURIA": 0.3753251218432313,
  "PARIVISION|MOUZ": 0.37662688456605475,
  "PARIVISION|Spirit": 0.1578110218705575,
  "PARIVISION|FUT": 0.4096694075735029,
  "PARIVISION|G2": 0.4195074487887076,
  "PARIVISION|BetBoom": 0.4796989860915487,
  "PARIVISION|9z": 0.49492517583690276,
  "PARIVISION|Monte": 0.5760277688480022,
  "PARIVISION|B8": 0.5456674692626078,
  "PARIVISION|Legacy": 0.40612955526820205,
  "Aurora|Vitality": 0.28114582478171507,
  "Aurora|Natus Vincere": 0.41818535217377234,
  "Aurora|Falcons": 0.40468871881742263,
  "Aurora|The MongolZ": 0.5494897824086276,
  "Aurora|PARIVISION": 0.6105376675405295,
  "Aurora|Aurora": 0.5,
  "Aurora|FURIA": 0.45411381292352804,
  "Aurora|MOUZ": 0.5308025276800232,
  "Aurora|Spirit": 0.27669127209658606,
  "Aurora|FUT": 0.5407453896349436,
  "Aurora|G2": 0.5488020114423711,
  "Aurora|BetBoom": 0.5556405703179186,
  "Aurora|9z": 0.5889007948665239,
  "Aurora|Monte": 0.6071623538898919,
  "Aurora|B8": 0.64988577860625,
  "Aurora|Legacy": 0.5176263381131571,
  "FURIA|Vitality": 0.2178156877246754,
  "FURIA|Natus Vincere": 0.4034362838205571,
  "FURIA|Falcons": 0.39172496587762085,
  "FURIA|The MongolZ": 0.5472516751230194,
  "FURIA|PARIVISION": 0.6246748781567687,
  "FURIA|Aurora": 0.5458861870764721,
  "FURIA|FURIA": 0.5,
  "FURIA|MOUZ": 0.48732225483922675,
  "FURIA|Spirit": 0.22237525351608387,
  "FURIA|FUT": 0.5546884866024752,
  "FURIA|G2": 0.5486784530235737,
  "FURIA|BetBoom": 0.626946682673951,
  "FURIA|9z": 0.6140463391938107,
  "FURIA|Monte": 0.6654228522467684,
  "FURIA|B8": 0.6446050588481214,
  "FURIA|Legacy": 0.5103702069066717,
  "MOUZ|Vitality": 0.2244424105548768,
  "MOUZ|Natus Vincere": 0.38185985810624534,
  "MOUZ|Falcons": 0.40018042221470435,
  "MOUZ|The MongolZ": 0.5431293052513164,
  "MOUZ|PARIVISION": 0.6233731154339452,
  "MOUZ|Aurora": 0.4691974723199767,
  "MOUZ|FURIA": 0.5126777451607732,
  "MOUZ|MOUZ": 0.5,
  "MOUZ|Spirit": 0.2186177530017278,
  "MOUZ|FUT": 0.5668789924187164,
  "MOUZ|G2": 0.5434071061638117,
  "MOUZ|BetBoom": 0.6142893329621508,
  "MOUZ|9z": 0.5822564587910386,
  "MOUZ|Monte": 0.6540304318343539,
  "MOUZ|B8": 0.6689184248106703,
  "MOUZ|Legacy": 0.4906400229182408,
  "Spirit|Vitality": 0.42847298147765,
  "Spirit|Natus Vincere": 0.6404483318893115,
  "Spirit|Falcons": 0.6172303367586709,
  "Spirit|The MongolZ": 0.8146324094319316,
  "Spirit|PARIVISION": 0.8421889781294425,
  "Spirit|Aurora": 0.7233087279034138,
  "Spirit|FURIA": 0.7776247464839161,
  "Spirit|MOUZ": 0.7813822469982722,
  "Spirit|Spirit": 0.5,
  "Spirit|FUT": 0.8202463175437438,
  "Spirit|G2": 0.7421475827204626,
  "Spirit|BetBoom": 0.8302611175886315,
  "Spirit|9z": 0.8034326722239695,
  "Spirit|Monte": 0.8646003500695055,
  "Spirit|B8": 0.8700741186209651,
  "Spirit|Legacy": 0.7094940408348805,
  "FUT|Vitality": 0.19613525945911847,
  "FUT|Natus Vincere": 0.3414824051023573,
  "FUT|Falcons": 0.3089092283592142,
  "FUT|The MongolZ": 0.46477873429862193,
  "FUT|PARIVISION": 0.5903305924264971,
  "FUT|Aurora": 0.4592546103650563,
  "FUT|FURIA": 0.4453115133975249,
  "FUT|MOUZ": 0.43312100758128363,
  "FUT|Spirit": 0.17975368245625603,
  "FUT|FUT": 0.5,
  "FUT|G2": 0.5248480619257642,
  "FUT|BetBoom": 0.5831130098465105,
  "FUT|9z": 0.5490509669156249,
  "FUT|Monte": 0.6493335471719721,
  "FUT|B8": 0.6099431397033496,
  "FUT|Legacy": 0.4457310553820043,
  "G2|Vitality": 0.2490433503165248,
  "G2|Natus Vincere": 0.35714894248546114,
  "G2|Falcons": 0.35700100111681976,
  "G2|The MongolZ": 0.5428834438541348,
  "G2|PARIVISION": 0.5804925512112924,
  "G2|Aurora": 0.4511979885576289,
  "G2|FURIA": 0.45132154697642635,
  "G2|MOUZ": 0.4565928938361883,
  "G2|Spirit": 0.25785241727953745,
  "G2|FUT": 0.4751519380742359,
  "G2|G2": 0.5,
  "G2|BetBoom": 0.5497416771606254,
  "G2|9z": 0.5630849276401956,
  "G2|Monte": 0.654554239939458,
  "G2|B8": 0.6159066332228741,
  "G2|Legacy": 0.4665740425424252,
  "BetBoom|Vitality": 0.16909804696236466,
  "BetBoom|Natus Vincere": 0.3166556283942845,
  "BetBoom|Falcons": 0.2912581734422094,
  "BetBoom|The MongolZ": 0.44752271240619623,
  "BetBoom|PARIVISION": 0.5203010139084514,
  "BetBoom|Aurora": 0.44435942968208153,
  "BetBoom|FURIA": 0.37305331732604907,
  "BetBoom|MOUZ": 0.3857106670378493,
  "BetBoom|Spirit": 0.1697388824113685,
  "BetBoom|FUT": 0.4168869901534894,
  "BetBoom|G2": 0.45025832283937456,
  "BetBoom|BetBoom": 0.5,
  "BetBoom|9z": 0.5094038256642425,
  "BetBoom|Monte": 0.5938535688104538,
  "BetBoom|B8": 0.5773924469699895,
  "BetBoom|Legacy": 0.4465746119576164,
  "9z|Vitality": 0.235487766932219,
  "9z|Natus Vincere": 0.3244346500332708,
  "9z|Falcons": 0.3263276336286906,
  "9z|The MongolZ": 0.43549434392785874,
  "9z|PARIVISION": 0.5050748241630972,
  "9z|Aurora": 0.4110992051334761,
  "9z|FURIA": 0.3859536608061893,
  "9z|MOUZ": 0.41774354120896146,
  "9z|Spirit": 0.19656732777603053,
  "9z|FUT": 0.4509490330843751,
  "9z|G2": 0.4369150723598044,
  "9z|BetBoom": 0.49059617433575753,
  "9z|9z": 0.5,
  "9z|Monte": 0.5636857744685032,