{
  "Spirit|Spirit": 0.5,
  "Spirit|G2": 0.562874251497006,
  "Spirit|Legacy": 0.573170731707317,
  "Spirit|FUT": 0.5949367088607594,
  "Spirit|Astralis": 0.6225165562913908,
  "Spirit|9z": 0.6911764705882353,
  "Spirit|Monte": 0.7175572519083969,
  "Spirit|paiN": 0.7343749999999999,
  "Spirit|GamerLegion": 0.6573426573426573,
  "Spirit|BetBoom": 0.6666666666666666,
  "Spirit|B8": 0.6762589928057554,
  "Spirit|TYLOO": 0.8392857142857143,
  "Spirit|BIG": 0.7230769230769232,
  "Spirit|MIBR": 0.7704918032786885,
  "Spirit|M80": 0.8245614035087719,
  "Spirit|FlyQuest": 0.9038461538461537,
  "G2|Spirit": 0.437125748502994,
  "G2|G2": 0.5,
  "G2|Legacy": 0.5104895104895105,
  "G2|FUT": 0.5328467153284671,
  "G2|Astralis": 0.5615384615384617,
  "G2|9z": 0.6347826086956522,
  "G2|Monte": 0.6636363636363636,
  "G2|paiN": 0.6822429906542056,
  "G2|GamerLegion": 0.5983606557377049,
  "G2|BetBoom": 0.6083333333333334,
  "G2|B8": 0.6186440677966102,
  "G2|TYLOO": 0.8021978021978022,
  "G2|BIG": 0.6697247706422019,
  "G2|MIBR": 0.7227722772277227,
  "G2|M80": 0.7849462365591399,
  "G2|FlyQuest": 0.8795180722891567,
  "Legacy|Spirit": 0.4268292682926829,
  "Legacy|G2": 0.4895104895104895,
  "Legacy|Legacy": 0.5,
  "Legacy|FUT": 0.5223880597014926,
  "Legacy|Astralis": 0.5511811023622046,
  "Legacy|9z": 0.625,
  "Legacy|Monte": 0.6542056074766356,
  "Legacy|paiN": 0.673076923076923,
  "Legacy|GamerLegion": 0.5882352941176471,
  "Legacy|BetBoom": 0.5982905982905983,
  "Legacy|B8": 0.6086956521739131,
  "Legacy|TYLOO": 0.7954545454545455,
  "Legacy|BIG": 0.660377358490566,
  "Legacy|MIBR": 0.7142857142857143,
  "Legacy|M80": 0.7777777777777778,
  "Legacy|FlyQuest": 0.875,
  "FUT|Spirit": 0.4050632911392405,
  "FUT|G2": 0.46715328467153283,
  "FUT|Legacy": 0.4776119402985075,
  "FUT|FUT": 0.5,
  "FUT|Astralis": 0.5289256198347108,
  "FUT|9z": 0.6037735849056604,
  "FUT|Monte": 0.6336633663366337,
  "FUT|paiN": 0.653061224489796,
  "FUT|GamerLegion": 0.5663716814159293,
  "FUT|BetBoom": 0.5765765765765767,
  "FUT|B8": 0.5871559633027522,
  "FUT|TYLOO": 0.7804878048780487,
  "FUT|BIG": 0.64,
  "FUT|MIBR": 0.6956521739130435,
  "FUT|M80": 0.7619047619047619,
  "FUT|FlyQuest": 0.8648648648648649,
  "Astralis|Spirit": 0.3774834437086093,
  "Astralis|G2": 0.43846153846153846,
  "Astralis|Legacy": 0.44881889763779526,
  "Astralis|FUT": 0.47107438016528924,
  "Astralis|Astralis": 0.5,
  "Astralis|9z": 0.5757575757575757,
  "Astralis|Monte": 0.6063829787234042,
  "Astralis|paiN": 0.6263736263736264,
  "Astralis|GamerLegion": 0.5377358490566037,
  "Astralis|BetBoom": 0.548076923076923,
  "Astralis|B8": 0.5588235294117646,
  "Astralis|TYLOO": 0.7599999999999999,
  "Astralis|BIG": 0.6129032258064516,
  "Astralis|MIBR": 0.6705882352941176,
  "Astralis|M80": 0.7402597402597402,
  "Astralis|FlyQuest": 0.8507462686567164,
  "9z|Spirit": 0.3088235294117647,
  "9z|G2": 0.3652173913043478,
  "9z|Legacy": 0.375,
  "9z|FUT": 0.3962264150943396,
  "9z|Astralis": 0.42424242424242425,
  "9z|9z": 0.5,
  "9z|Monte": 0.5316455696202531,
  "9z|paiN": 0.5526315789473684,
  "9z|GamerLegion": 0.46153846153846156,
  "9z|BetBoom": 0.4719101123595506,
  "9z|B8": 0.48275862068965514,
  "9z|TYLOO": 0.7,
  "9z|BIG": 0.5384615384615384,
  "9z|MIBR": 0.6,
  "9z|M80": 0.6774193548387096,
  "9z|FlyQuest": 0.8076923076923076,
  "Monte|Spirit": 0.282442748091603,
  "Monte|G2": 0.3363636363636363,
  "Monte|Legacy": 0.3457943925233645,
  "Monte|FUT": 0.36633663366336633,
  "Monte|Astralis": 0.39361702127659576,
  "Monte|9z": 0.46835443037974683,
  "Monte|Monte": 0.5,
  "Monte|paiN": 0.5211267605633803,
  "Monte|GamerLegion": 0.43023255813953487,
  "Monte|BetBoom": 0.44047619047619047,
  "Monte|B8": 0.4512195121951219,
  "Monte|TYLOO": 0.6727272727272726,
  "Monte|BIG": 0.5068493150684932,
  "Monte|MIBR": 0.5692307692307692,
  "Monte|M80": 0.6491228070175438,
  "Monte|FlyQuest": 0.7872340425531915,
  "paiN|Spirit": 0.265625,
  "paiN|G2": 0.3177570093457944,
  "paiN|Legacy": 0.3269230769230769,
  "paiN|FUT": 0.34693877551020413,
  "paiN|Astralis": 0.3736263736263737,
  "paiN|9z": 0.4473684210526316,
  "paiN|Monte": 0.4788732394366198,
  "paiN|paiN": 0.5,
  "paiN|GamerLegion": 0.40963855421686746,
  "paiN|BetBoom": 0.41975308641975306,
  "paiN|B8": 0.43037974683544306,
  "paiN|TYLOO": 0.6538461538461539,
  "paiN|BIG": 0.48571428571428577,
  "paiN|MIBR": 0.5483870967741935,
  "paiN|M80": 0.6296296296296297,
  "paiN|FlyQuest": 0.7727272727272727,
  "GamerLegion|Spirit": 0.34265734265734266,
  "GamerLegion|G2": 0.4016393442622951,
  "GamerLegion|Legacy": 0.411764705882353,
  "GamerLegion|FUT": 0.4336283185840708,
  "GamerLegion|Astralis": 0.4622641509433962,
  "GamerLegion|9z": 0.5384615384615385,
  "GamerLegion|Monte": 0.5697674418604651,
  "GamerLegion|paiN": 0.5903614457831324,
  "GamerLegion|GamerLegion": 0.5,
  "GamerLegion|BetBoom": 0.5104166666666666,
  "GamerLegion|B8": 0.5212765957446809,
  "GamerLegion|TYLOO": 0.7313432835820897,
  "GamerLegion|BIG": 0.5764705882352941,
  "GamerLegion|MIBR": 0.6363636363636364,
  "GamerLegion|M80": 0.7101449275362319,
  "GamerLegion|FlyQuest": 0.8305084745762712,
  "BetBoom|Spirit": 0.3333333333333333,
  "BetBoom|G2": 0.39166666666666666,
  "BetBoom|Legacy": 0.4017094017094017,
  "BetBoom|FUT": 0.42342342342342343,
  "BetBoom|Astralis": 0.45192307692307687,
  "BetBoom|9z": 0.5280898876404495,
  "BetBoom|Monte": 0.5595238095238095,
  "BetBoom|paiN": 0.5802469135802468,
  "BetBoom|GamerLegion": 0.4895833333333333,
  "BetBoom|BetBoom": 0.5,
  "BetBoom|B8": 0.5108695652173914,
  "BetBoom|TYLOO": 0.7230769230769232,
  "BetBoom|BIG": 0.5662650602409639,
  "BetBoom|MIBR": 0.6266666666666666,
  "BetBoom|M80": 0.7014925373134329,
  "BetBoom|FlyQuest": 0.8245614035087719,
  "B8|Spirit": 0.32374100719424465,
  "B8|G2": 0.38135593220338987,
  "B8|Legacy": 0.391304347826087,
  "B8|FUT": 0.4128440366972477,
  "B8|Astralis": 0.4411764705882353,
  "B8|9z": 0.5172413793103449,
  "B8|Monte": 0.548780487804878,
  "B8|paiN": 0.569620253164557,
  "B8|GamerLegion": 0.4787234042553192,
  "B8|BetBoom": 0.48913043478260876,
  "B8|B8": 0.5,
  "B8|TYLOO": 0.7142857142857143,
  "B8|BIG": 0.5555555555555556,
  "B8|MIBR": 0.6164383561643836,
  "B8|M80": 0.6923076923076923,
  "B8|FlyQuest": 0.8181818181818181,
  "TYLOO|Spirit": 0.16071428571428573,
  "TYLOO|G2": 0.19780219780219782,
  "TYLOO|Legacy": 0.20454545454545456,
  "TYLOO|FUT": 0.2195121951219512,
  "TYLOO|Astralis": 0.24,
  "TYLOO|9z": 0.3,
  "TYLOO|Monte": 0.3272727272727272,
  "TYLOO|paiN": 0.34615384615384615,
  "TYLOO|GamerLegion": 0.26865671641791045,
  "TYLOO|BetBoom": 0.27692307692307694,
  "TYLOO|B8": 0.2857142857142857,
  "TYLOO|TYLOO": 0.5,
  "TYLOO|BIG": 0.3333333333333333,
  "TYLOO|MIBR": 0.3913043478260869,
  "TYLOO|M80": 0.47368421052631576,
  "TYLOO|FlyQuest": 0.6428571428571428,
  "BIG|Spirit": 0.27692307692307694,
  "BIG|G2": 0.3302752293577982,
  "BIG|Legacy": 0.33962264150943394,
  "BIG|FUT": 0.36,
  "BIG|Astralis": 0.3870967741935484,
  "BIG|9z": 0.4615384615384615,
  "BIG|Monte": 0.4931506849315068,
  "BIG|paiN": 0.5142857142857143,
  "BIG|GamerLegion": 0.4235294117647059,
  "BIG|BetBoom": 0.43373493975903615,
  "BIG|B8": 0.4444444444444444,
  "BIG|TYLOO": 0.6666666666666666,
  "BIG|BIG": 0.5,
  "BIG|MIBR": 0.5625,
  "BIG|M80": 0.6428571428571428,
  "BIG|FlyQuest": 0.782608695652174,
  "MIBR|Spirit": 0.2295081967213115,
  "MIBR|G2": 0.27722772277227725,
  "MIBR|Legacy": 0.28571428571428575,
  "MIBR|FUT": 0.30434782608695654,
  "MIBR|Astralis": 0.3294117647058824,
  "MIBR|9z": 0.4000000000000001,
  "MIBR|Monte": 0.4307692307692308,
  "MIBR|paiN": 0.45161290322580644,
  "MIBR|GamerLegion": 0.36363636363636365,
  "MIBR|BetBoom": 0.37333333333333335,
  "MIBR|B8": 0.3835616438356165,
  "MIBR|TYLOO": 0.6086956521739131,
  "MIBR|BIG": 0.43750000000000006,
  "MIBR|MIBR": 0.5,
  "MIBR|M80": 0.5833333333333334,
  "MIBR|FlyQuest": 0.736842105263158,
  "M80|Spirit": 0.1754385964912281,
  "M80|G2": 0.21505376344086025,