{
  "matrix": {
    "Spirit|Spirit": 0.5,
    "Spirit|G2": 0.5793419428524552,
    "Spirit|Legacy": 0.5656728669989037,
    "Spirit|FUT": 0.5400693343199948,
    "Spirit|Astralis": 0.5133495539183407,
    "Spirit|9z": 0.5367001657667847,
    "Spirit|Monte": 0.5208003240791226,
    "Spirit|paiN": 0.5281641190328573,
    "Spirit|GamerLegion": 0.5205881498848492,
    "Spirit|BetBoom": 0.5076196112566251,
    "Spirit|B8": 0.5318556742988594,
    "Spirit|TYLOO": 0.5035853624323511,
    "Spirit|BIG": 0.4866975171179966,
    "Spirit|MIBR": 0.5397981009971348,
    "Spirit|M80": 0.5259554376906078,
    "Spirit|FlyQuest": 0.5342192427651237,
    "G2|Spirit": 0.4206580571475448,
    "G2|G2": 0.5,
    "G2|Legacy": 0.5523409551667011,
    "G2|FUT": 0.5607656084937493,
    "G2|Astralis": 0.5552788767378046,
    "G2|9z": 0.5130800014185384,
    "G2|Monte": 0.5655688361510487,
    "G2|paiN": 0.5267667973151073,
    "G2|GamerLegion": 0.5414654786435567,
    "G2|BetBoom": 0.537910860265298,
    "G2|B8": 0.5277281911229401,
    "G2|TYLOO": 0.5041823592478887,
    "G2|BIG": 0.4872945139335346,
    "G2|MIBR": 0.5403950978126724,
    "G2|M80": 0.5427404122887238,
    "G2|FlyQuest": 0.5348162395806613,
    "Legacy|Spirit": 0.4343271330010963,
    "Legacy|G2": 0.4476590448332988,
    "Legacy|Legacy": 0.5,
    "Legacy|FUT": 0.4639770226860533,
    "Legacy|Astralis": 0.5169708593581537,
    "Legacy|9z": 0.4942517527518817,
    "Legacy|Monte": 0.4723875311207258,
    "Legacy|paiN": 0.46249125203395386,
    "Legacy|GamerLegion": 0.4450749454372721,
    "Legacy|BetBoom": 0.4940133663409205,
    "Legacy|B8": 0.4351792201896162,
    "Legacy|TYLOO": 0.4745573047017939,
    "Legacy|BIG": 0.42102465011909307,
    "Legacy|MIBR": 0.5165046885605847,
    "Legacy|M80": 0.5030253132053064,
    "Legacy|FlyQuest": 0.46854637576622027,
    "FUT|Spirit": 0.4599306656800052,
    "FUT|G2": 0.43923439150625065,
    "FUT|Legacy": 0.5360229773139467,
    "FUT|FUT": 0.5,
    "FUT|Astralis": 0.4709986964942594,
    "FUT|9z": 0.47241367028300585,
    "FUT|Monte": 0.48073098975912776,
    "FUT|paiN": 0.4645546349660845,
    "FUT|GamerLegion": 0.48051881556485443,
    "FUT|BetBoom": 0.47354501511862634,
    "FUT|B8": 0.48832280350666213,
    "FUT|TYLOO": 0.4635160281123559,
    "FUT|BIG": 0.44662818279800187,
    "FUT|MIBR": 0.49972876667714017,
    "FUT|M80": 0.5034830912956938,
    "FUT|FlyQuest": 0.4941499084451286,
    "Astralis|Spirit": 0.4866504460816593,
    "Astralis|G2": 0.4447211232621954,
    "Astralis|Legacy": 0.4830291406418463,
    "Astralis|FUT": 0.5290013035057406,
    "Astralis|Astralis": 0.5,
    "Astralis|9z": 0.4893914090787076,
    "Astralis|Monte": 0.5128034400176996,
    "Astralis|paiN": 0.515420937847615,
    "Astralis|GamerLegion": 0.44094076361909706,
    "Astralis|BetBoom": 0.48452801573233206,
    "Astralis|B8": 0.5196104429288493,
    "Astralis|TYLOO": 0.4804937669080581,
    "Astralis|BIG": 0.4636059215937034,
    "Astralis|MIBR": 0.5400229700885316,
    "Astralis|M80": 0.5028638421663152,
    "Astralis|FlyQuest": 0.5111276472408306,
    "9z|Spirit": 0.46329983423321536,
    "9z|G2": 0.4869199985814616,
    "9z|Legacy": 0.5057482472481183,
    "9z|FUT": 0.5275863297169942,
    "9z|Astralis": 0.5106085909212924,
    "9z|9z": 0.5,
    "9z|Monte": 0.508317319476122,
    "9z|paiN": 0.5244810948946647,
    "9z|GamerLegion": 0.5081051452818486,
    "9z|BetBoom": 0.49513660665362447,
    "9z|B8": 0.5146481897044017,
    "9z|TYLOO": 0.4911023578293502,
    "9z|BIG": 0.47421451251499624,
    "9z|MIBR": 0.508693810727854,
    "9z|M80": 0.5134724330876074,
    "9z|FlyQuest": 0.5217362381621228,
    "Monte|Spirit": 0.4791996759208774,
    "Monte|G2": 0.4344311638489513,
    "Monte|Legacy": 0.5276124688792743,
    "Monte|FUT": 0.5192690102408722,
    "Monte|Astralis": 0.4871965599823004,
    "Monte|9z": 0.491682680523878,
    "Monte|Monte": 0.5,
    "Monte|paiN": 0.5073637949537345,
    "Monte|GamerLegion": 0.49978782580572667,
    "Monte|BetBoom": 0.4697962785010713,
    "Monte|B8": 0.5063308702282798,
    "Monte|TYLOO": 0.4827850383532283,
    "Monte|BIG": 0.465897193038874,
    "Monte|MIBR": 0.5189977769180123,
    "Monte|M80": 0.5067395403994726,
    "Monte|FlyQuest": 0.5134189186860008,
    "paiN|Spirit": 0.4718358809671427,
    "paiN|G2": 0.47323320268489266,
    "paiN|Legacy": 0.5375087479660461,
    "paiN|FUT": 0.5354453650339155,
    "paiN|Astralis": 0.484579062152385,
    "paiN|9z": 0.47551890510533534,
    "paiN|Monte": 0.4926362050462655,
    "paiN|paiN": 0.5,
    "paiN|GamerLegion": 0.4646399971865849,
    "paiN|BetBoom": 0.4687431218963206,
    "paiN|B8": 0.5084555366404137,
    "paiN|TYLOO": 0.5148125976683255,
    "paiN|BIG": 0.4585333980851394,
    "paiN|MIBR": 0.5116339819642776,
    "paiN|M80": 0.46678438616769546,
    "paiN|FlyQuest": 0.5060551237322664,
    "GamerLegion|Spirit": 0.47941185011515075,
    "GamerLegion|G2": 0.4585345213564433,
    "GamerLegion|Legacy": 0.5549250545627279,
    "GamerLegion|FUT": 0.5194811844351456,
    "GamerLegion|Astralis": 0.5590592363809029,
    "GamerLegion|9z": 0.4918948547181514,
    "GamerLegion|Monte": 0.5002121741942733,
    "GamerLegion|paiN": 0.5353600028134151,
    "GamerLegion|GamerLegion": 0.5,
    "GamerLegion|BetBoom": 0.4020178147666284,
    "GamerLegion|B8": 0.5065430444225529,
    "GamerLegion|TYLOO": 0.4829972125475017,
    "GamerLegion|BIG": 0.5055482878958826,
    "GamerLegion|MIBR": 0.5192099511122851,
    "GamerLegion|M80": 0.5120457674073081,
    "GamerLegion|FlyQuest": 0.5373768949893389,
    "BetBoom|Spirit": 0.4923803887433748,
    "BetBoom|G2": 0.46208913973470195,
    "BetBoom|Legacy": 0.5059866336590795,
    "BetBoom|FUT": 0.5264549848813737,
    "BetBoom|Astralis": 0.5154719842676679,
    "BetBoom|9z": 0.5048633933463755,
    "BetBoom|Monte": 0.5302037214989287,
    "BetBoom|paiN": 0.5312568781036794,
    "BetBoom|GamerLegion": 0.5979821852333715,
    "BetBoom|BetBoom": 0.5,
    "BetBoom|B8": 0.5547815438845416,
    "BetBoom|TYLOO": 0.49596575117572583,
    "BetBoom|BIG": 0.4790779058613719,
    "BetBoom|MIBR": 0.5321784897405094,
    "BetBoom|M80": 0.5183358264339827,
    "BetBoom|FlyQuest": 0.5265996315084981,
    "B8|Spirit": 0.46814432570114056,
    "B8|G2": 0.4722718088770599,
    "B8|Legacy": 0.5648207798103838,
    "B8|FUT": 0.5116771964933379,
    "B8|Astralis": 0.48038955707115066,
    "B8|9z": 0.4853518102955982,
    "B8|Monte": 0.49366912977172017,
    "B8|paiN": 0.49154446335958635,
    "B8|GamerLegion": 0.493456955577447,
    "B8|BetBoom": 0.44521845611545835,
    "B8|B8": 0.5,
    "B8|TYLOO": 0.5251773039477798,
    "B8|BIG": 0.4595663228105943,
    "B8|MIBR": 0.45957073594181086,
    "B8|M80": 0.5352769467787062,
    "B8|FlyQuest": 0.507088048457721,
    "TYLOO|Spirit": 0.4964146375676489,
    "TYLOO|G2": 0.4958176407521114,
    "TYLOO|Legacy": 0.5254426952982061,
    "TYLOO|FUT": 0.5364839718876441,
    "TYLOO|Astralis": 0.5195062330919419,
    "TYLOO|9z": 0.5088976421706498,
    "TYLOO|Monte": 0.5172149616467717,
    "TYLOO|paiN": 0.48518740233167446,
    "TYLOO|GamerLegion": 0.5170027874524983,
    "TYLOO|BetBoom": 0.5040342488242742,
    "TYLOO|B8": 0.4748226960522201,
    "TYLOO|TYLOO": 0.5,
    "TYLOO|BIG": 0.4831121546856456,
    "TYLOO|MIBR": 0.5089209578783834,
    "TYLOO|M80": 0.522370075258257,
    "TYLOO|FlyQuest": 0.5544270205251299,
    "BIG|Spirit": 0.5133024828820034,
    "BIG|G2": 0.5127054860664654,
    "BIG|Legacy": 0.5789753498809069,
    "BIG|FUT": 0.5533718172019981,
    "BIG|Astralis": 0.5363940784062966,
    "BIG|9z": 0.5257854874850038,
    "BIG|Monte": 0.534102806961126,
    "BIG|paiN": 0.5414666019148606,
    "BIG|GamerLegion": 0.4944517121041174,
    "BIG|BetBoom": 0.5209220941386281,
    "BIG|B8": 0.5404336771894057,
    "BIG|TYLOO": 0.5168878453143544,
    "BIG|BIG": 0.5,
    "BIG|MIBR": 0.5531005838791381,
    "BIG|M80": 0.5392579205726113,
    "BIG|FlyQuest": 0.547521725647127,
    "MIBR|Spirit": 0.46020189900286523,
    "MIBR|G2": 0.45960490218732764,