{
  "matrix": {
    "Spirit|Spirit": 0.5,
    "Spirit|G2": 0.5678145589036407,
    "Spirit|Legacy": 0.570921372294793,
    "Spirit|FUT": 0.5784764964985301,
    "Spirit|Astralis": 0.5897664555794757,
    "Spirit|9z": 0.6448335791418001,
    "Spirit|Monte": 0.6585301735596146,
    "Spirit|paiN": 0.6725117357098571,
    "Spirit|GamerLegion": 0.6163163051053149,
    "Spirit|BetBoom": 0.674476275021827,
    "Spirit|B8": 0.6329379972536866,
    "Spirit|TYLOO": 0.7385756087297053,
    "Spirit|BIG": 0.6521631012892452,
    "Spirit|MIBR": 0.7012836925942223,
    "Spirit|M80": 0.7349796137633227,
    "Spirit|FlyQuest": 0.7929580805218447,
    "G2|Spirit": 0.43218544109635926,
    "G2|G2": 0.5,
    "G2|Legacy": 0.5230449438926676,
    "G2|FUT": 0.5412223832780517,
    "G2|Astralis": 0.5596605860982645,
    "G2|9z": 0.598271826512518,
    "G2|Monte": 0.6342161053907691,
    "G2|paiN": 0.6356001326524761,
    "G2|GamerLegion": 0.5812921026094604,
    "G2|BetBoom": 0.5872065914129228,
    "G2|B8": 0.5913693047945091,
    "G2|TYLOO": 0.7127931693128281,
    "G2|BIG": 0.6149956936296017,
    "G2|MIBR": 0.6680591234032076,
    "G2|M80": 0.6961422446390075,
    "G2|FlyQuest": 0.7761075224766081,
    "Legacy|Spirit": 0.42907862770520694,
    "Legacy|G2": 0.47695505610733224,
    "Legacy|Legacy": 0.5,
    "Legacy|FUT": 0.5048647485968607,
    "Legacy|Astralis": 0.5409180294609893,
    "Legacy|9z": 0.5857755258255645,
    "Legacy|Monte": 0.5996601845698626,
    "Legacy|paiN": 0.6099012217640323,
    "Legacy|GamerLegion": 0.5452871895135345,
    "Legacy|BetBoom": 0.5670074287056949,
    "Legacy|B8": 0.556640722578624,
    "Legacy|TYLOO": 0.6991853732287201,
    "Legacy|BIG": 0.5885715459791241,
    "Legacy|MIBR": 0.6474757032840877,
    "Legacy|M80": 0.6953520384060363,
    "Legacy|FlyQuest": 0.753063912729866,
    "FUT|Spirit": 0.42152350350146983,
    "FUT|G2": 0.45877761672194817,
    "FUT|Legacy": 0.4951352514031392,
    "FUT|FUT": 0.5,
    "FUT|Astralis": 0.5115475428325753,
    "FUT|9z": 0.5643656105188639,
    "FUT|Monte": 0.5877836533633818,
    "FUT|paiN": 0.5965092476326825,
    "FUT|GamerLegion": 0.5406158216606068,
    "FUT|BetBoom": 0.5456671081391915,
    "FUT|B8": 0.5837530076819626,
    "FUT|TYLOO": 0.6853962718483408,
    "FUT|BIG": 0.5819884548394005,
    "FUT|MIBR": 0.6368751517422724,
    "FUT|M80": 0.6843782607220413,
    "FUT|FlyQuest": 0.7536503779389441,
    "Astralis|Spirit": 0.4102335444205243,
    "Astralis|G2": 0.4403394139017355,
    "Astralis|Legacy": 0.45908197053901056,
    "Astralis|FUT": 0.48845245716742464,
    "Astralis|Astralis": 0.5,
    "Astralis|9z": 0.5498477257539153,
    "Astralis|Monte": 0.5783091171116927,
    "Astralis|paiN": 0.5930878198158229,
    "Astralis|GamerLegion": 0.5243486617126758,
    "Astralis|BetBoom": 0.5290122508735456,
    "Astralis|B8": 0.54705960346689,
    "Astralis|TYLOO": 0.6761481300724174,
    "Astralis|BIG": 0.5681140345426271,
    "Astralis|MIBR": 0.6314186557324418,
    "Astralis|M80": 0.6690409708317127,
    "Astralis|FlyQuest": 0.7488606822319507,
    "9z|Spirit": 0.35516642085819994,
    "9z|G2": 0.4017281734874819,
    "9z|Legacy": 0.4142244741744354,
    "9z|FUT": 0.4356343894811359,
    "9z|Astralis": 0.4501522742460846,
    "9z|9z": 0.5,
    "9z|Monte": 0.5246470945770138,
    "9z|paiN": 0.5441864337315572,
    "9z|GamerLegion": 0.47550846666147767,
    "9z|BetBoom": 0.4788780606477727,
    "9z|B8": 0.4923254913940791,
    "9z|TYLOO": 0.637330707348805,
    "9z|BIG": 0.5191874306775757,
    "9z|MIBR": 0.5726081432183562,
    "9z|M80": 0.6282352783133789,
    "9z|FlyQuest": 0.6359527434166261,
    "Monte|Spirit": 0.3414698264403853,
    "Monte|G2": 0.3657838946092308,
    "Monte|Legacy": 0.4003398154301374,
    "Monte|FUT": 0.4122163466366181,
    "Monte|Astralis": 0.42169088288830714,
    "Monte|9z": 0.47535290542298614,
    "Monte|Monte": 0.5,
    "Monte|paiN": 0.5169978708804865,
    "Monte|GamerLegion": 0.45109913843939237,
    "Monte|BetBoom": 0.4492722168836547,
    "Monte|B8": 0.46775291960506926,
    "Monte|TYLOO": 0.6157446024150592,
    "Monte|BIG": 0.4722818392298037,
    "Monte|MIBR": 0.5541608715369422,
    "Monte|M80": 0.6064078270321224,
    "Monte|FlyQuest": 0.7050895053930342,
    "paiN|Spirit": 0.32748826429014277,
    "paiN|G2": 0.36439986734752383,
    "paiN|Legacy": 0.39009877823596767,
    "paiN|FUT": 0.4034907523673175,
    "paiN|Astralis": 0.4069121801841771,
    "paiN|9z": 0.4558135662684427,
    "paiN|Monte": 0.48300212911951346,
    "paiN|paiN": 0.5,
    "paiN|GamerLegion": 0.42613898710778264,
    "paiN|BetBoom": 0.4344500970627233,
    "paiN|B8": 0.4538024837769342,
    "paiN|TYLOO": 0.5710680434964026,
    "paiN|BIG": 0.4775600194255418,
    "paiN|MIBR": 0.5373611623312187,
    "paiN|M80": 0.5807760565910494,
    "paiN|FlyQuest": 0.6927256280287708,
    "GamerLegion|Spirit": 0.38368369489468507,
    "GamerLegion|G2": 0.41870789739053954,
    "GamerLegion|Legacy": 0.45471281048646545,
    "GamerLegion|FUT": 0.45938417833939316,
    "GamerLegion|Astralis": 0.4756513382873242,
    "GamerLegion|9z": 0.5244915333385224,
    "GamerLegion|Monte": 0.5489008615606076,
    "GamerLegion|paiN": 0.5738610128922172,
    "GamerLegion|GamerLegion": 0.5,
    "GamerLegion|BetBoom": 0.47789701109665517,
    "GamerLegion|B8": 0.5168565303480425,
    "GamerLegion|TYLOO": 0.6568394622717132,
    "GamerLegion|BIG": 0.5551938981334705,
    "GamerLegion|MIBR": 0.6012175307882309,
    "GamerLegion|M80": 0.6507151794975548,
    "GamerLegion|FlyQuest": 0.7425690007001915,
    "BetBoom|Spirit": 0.32552372497817295,
    "BetBoom|G2": 0.41279340858707725,
    "BetBoom|Legacy": 0.432992571294305,
    "BetBoom|FUT": 0.4543328918608085,
    "BetBoom|Astralis": 0.47098774912645414,
    "BetBoom|9z": 0.5211219393522273,
    "BetBoom|Monte": 0.5507277831163453,
    "BetBoom|paiN": 0.5655499029372766,
    "BetBoom|GamerLegion": 0.5221029889033447,
    "BetBoom|BetBoom": 0.5,
    "BetBoom|B8": 0.5240431588175364,
    "BetBoom|TYLOO": 0.6549435715065639,
    "BetBoom|BIG": 0.5401089139270863,
    "BetBoom|MIBR": 0.5983202135888194,
    "BetBoom|M80": 0.6465455240495978,
    "BetBoom|FlyQuest": 0.7351728719086899,
    "B8|Spirit": 0.3670620027463134,
    "B8|G2": 0.4086306952054909,
    "B8|Legacy": 0.443359277421376,
    "B8|FUT": 0.4162469923180374,
    "B8|Astralis": 0.45294039653310986,
    "B8|9z": 0.5076745086059209,
    "B8|Monte": 0.5322470803949306,
    "B8|paiN": 0.5461975162230658,
    "B8|GamerLegion": 0.48314346965195754,
    "B8|BetBoom": 0.4759568411824636,
    "B8|B8": 0.5,
    "B8|TYLOO": 0.657553191184334,
    "B8|BIG": 0.5267587857320671,
    "B8|MIBR": 0.5693780700976118,
    "B8|M80": 0.6451984686489964,
    "B8|FlyQuest": 0.724853687264589,
    "TYLOO|Spirit": 0.26142439127029465,
    "TYLOO|G2": 0.2872068306871719,
    "TYLOO|Legacy": 0.30081462677128,
    "TYLOO|FUT": 0.31460372815165905,
    "TYLOO|Astralis": 0.3238518699275825,
    "TYLOO|9z": 0.36266929265119496,
    "TYLOO|Monte": 0.38425539758494054,
    "TYLOO|paiN": 0.4289319565035974,
    "TYLOO|GamerLegion": 0.3431605377282868,
    "TYLOO|BetBoom": 0.3450564284934361,
    "TYLOO|B8": 0.342446808815666,
    "TYLOO|TYLOO": 0.5,
    "TYLOO|BIG": 0.378266979739027,
    "TYLOO|MIBR": 0.42658933084177586,
    "TYLOO|M80": 0.48828996994589813,
    "TYLOO|FlyQuest": 0.6163281061575389,
    "BIG|Spirit": 0.34783689871075485,
    "BIG|G2": 0.3850043063703983,
    "BIG|Legacy": 0.4114284540208758,
    "BIG|FUT": 0.41801154516059946,
    "BIG|Astralis": 0.4318859654573728,
    "BIG|9z": 0.48081256932242417,
    "BIG|Monte": 0.5277181607701963,
    "BIG|paiN": 0.5224399805744582,
    "BIG|GamerLegion": 0.44480610186652936,
    "BIG|BetBoom": 0.45989108607291374,
    "BIG|B8": 0.47324121426793275,
    "BIG|TYLOO": 0.621733020260973,
    "BIG|BIG": 0.5,
    "BIG|MIBR": 0.5596801751637415,
    "BIG|M80": 0.6117773761717833,
    "BIG|FlyQuest": 0.7120826046506598,
    "MIBR|Spirit": 0.2987163074057776,
    "MIBR|G2": 0.3319408765967924,